rep,mean_abs_B_E,mean_abs_B_E_surrogate,tau_s_P_cal
0,0.12500659692398952,0.010595299835200734,0.0038429493957646476
1,0.13024400049373314,0.01654156231743817,0.001087439671219836
2,0.13039898400735436,0.016324359118803075,0.003099211709169217
3,0.12342647289742553,0.016947875694651462,0.0048976497817178055
4,0.12846888787413158,0.018823533805748492,-0.0008218082958200349
5,0.1176244968587534,0.014657001907651282,0.00036211645469355565
6,0.12414861090215723,0.015544768056206425,-0.0014798551214166152
7,0.1159270469345346,0.018006805577971543,0.0025597931393331118
8,0.1195102222294816,0.015745680124665182,0.0013944501712847908
9,0.115139670832106,0.014748295283952419,0.005207508197383978
10,0.12200479480153321,0.019454434044384298,0.0048062534402094825
11,0.12422364622094838,0.01582034162467292,0.005969619873293896
12,0.1274419545378156,0.01301279136115626,-0.000684886738678458
13,0.12085940009252005,0.01522344314155287,0.004545150041765717
14,0.12423097868019212,0.019262743607277255,0.0010158594106606817
15,0.11835917977697771,0.015128620545088237,-0.004025251663319115
16,0.12466473830913805,0.016509380004588244,-0.0051135477046081864
17,0.12982101517590783,0.016250185433801963,-0.00040967881989519483
18,0.11807836962676388,0.01606400091337364,-0.002526079618979636
19,0.12334874564326133,0.012912266566697125,0.0016534829449664189
20,0.1314618050828628,0.01686509481473776,-0.0010285210433853792
21,0.1279018933535631,0.01696106036619071,-0.0020273217399988355
22,0.11649461049784404,0.013631073473968965,-0.0045572930596441755
23,0.11689543766062785,0.011298316884916,0.0018199175392585938
24,0.12546319562124614,0.017109364376427422,-0.0047563965927938014
25,0.12649492739902313,0.01505635616362641,0.0016214222550593076
26,0.1323283974564911,0.009462578949329524,0.004243624402676191
27,0.12924240402176584,0.022245957009552696,0.005782144873415129
28,0.13281046938477992,0.014329125057881108,0.003150541642310846
29,0.12164087309008145,0.01616055228010744,0.004275233494031459
30,0.11745069662313554,0.012760322471233449,0.008406021564784467
31,0.13340789995524696,0.014895268832433608,0.00027814955761025495
32,0.12128710615308524,0.014846435014725724,-0.001608498875575351
33,0.11721404213491159,0.015354039894709317,0.0037321522689154622
34,0.12754809232036096,0.01404618418515213,0.004770328414432817
35,0.12590960098773868,0.020456655071834626,0.0038501461194795955
36,0.12022443819530805,0.015317281881206311,0.003363195587705995
37,0.11553154335137453,0.017240425751443578,-0.00036073006452402433
38,0.12538870595562507,0.014079845938421676,0.0014939822562353188
39,0.12391984575575998,0.017927405546480164,-6.751369350195358e-05
40,0.12605379712181283,0.02049311026718675,-0.001583098542061569
41,0.13263320402237422,0.015717462937954795,-0.003885794378596609
42,0.1280824215393751,0.015052002457847383,0.0025990455122552065
43,0.1293955531988814,0.015645849267805982,0.004035194506371861
44,0.12640133791731567,0.0134407710902622,-0.0016477053750436148
45,0.12067160940716143,0.01822124691867093,0.0007048192794773339
46,0.1300936544677649,0.018350768199597793,0.0022753107867910516
47,0.1271335096811721,0.013342208319111419,0.0016753529523707556
48,0.12437930401678297,0.015242220502892163,-0.00014721805825655197
49,0.12053852967869105,0.014606288148115817,-0.003426496075424384
50,0.12758523081150563,0.011146947408044412,0.007273940794918591
51,0.12559897372012757,0.018468366049270674,-0.0019383354504434814
52,0.12866240124788414,0.014098850162161947,0.0022731311724616854
53,0.13050059734908012,0.015115266756248667,0.0011261459572044527
54,0.12713599092719186,0.019072892839014824,0.0029535117483087373
55,0.1197750536094315,0.017490454911796474,-0.002857759218240626
56,0.13315184875876407,0.013000935496605425,0.0008140621942314175
57,0.12058027050074277,0.015126216364462895,-0.002572410042108842
58,0.12026456944880745,0.01319455829086497,-0.0008425433070248622
59,0.1280766896390148,0.01383622884950231,0.005091606552097236
60,0.12494256213860881,0.018334486405797785,0.0025797570251004957
61,0.13100471876699488,0.01070672549472016,0.0006035672966560309
62,0.12863782193757267,0.020188434795688135,0.004660604212596394
63,0.12554323039733645,0.02054114263579026,0.0023151526490085127
64,0.121449310294712,0.015252713037662268,0.0032627899045102
65,0.1212343962230176,0.014384447317106268,0.0030940209247489357
66,0.12089147167631993,0.010689246402656385,-0.0015203153040138878
67,0.11641493827070053,0.012996007169151124,-0.002578203491701308
68,0.12588715669021494,0.010779520467808274,0.005844239632045718
69,0.12667917376835275,0.013877048585223924,-0.0024860263385104507
70,0.11388846219954679,0.014092513230688572,0.00258950625513107
71,0.12378662562652336,0.014325506015553581,0.0019007425865499039
72,0.12801641171847683,0.01688204988281881,-0.0036167185924797425
73,0.11378945434735574,0.016251452914601502,0.003333195033639288
74,0.12628416662017944,0.015460849597314044,-0.002705312040290434
75,0.11610260275678194,0.020067499969951136,0.0025992002424122043
76,0.12399072268394758,0.01855377962644604,-0.0006332703098369755
77,0.1234034888025863,0.0202320765614175,-0.001967375663591127
78,0.12123937911009755,0.01322511787374741,0.0004597495561456079
79,0.12401307845945428,0.01573006672403734,-0.0005624400129370685
80,0.12322633333921265,0.012786133115055803,-0.0008330392176462252
81,0.1322220497834827,0.01032281723632047,-0.0010162366026325567
82,0.1290491490725099,0.019306226045563916,0.008075252558869586
83,0.11577909987062349,0.01712325367570002,-0.0009200157231611786
84,0.12476259391668859,0.018261441477060256,0.0003914660488168526
85,0.12396404833206308,0.019904230460882022,0.005411887015931301
86,0.11546687375585195,0.019852385089427674,-0.0008671545764075008
87,0.12518017602698076,0.014993876925269836,-0.0049448222315741155
88,0.11256324435152587,0.014458050768442988,0.0004969784055867939
89,0.12452866059569616,0.01552298574202957,-0.00018994946830817476
90,0.12103607794191365,0.016695561040305104,0.003877164793962504
91,0.1262866250250644,0.012750579686551139,-0.00035063252469183027
92,0.1321920143258313,0.022352581098780973,0.0003652779084891384
93,0.11265756970167054,0.008605025850096171,-0.0038900560886904255
94,0.12775128960445603,0.015066420558013438,0.0004660469227206439
95,0.12378052972799457,0.01322556667453827,0.0050513155010407556
96,0.13378791688259736,0.018486101137771074,0.003312318523941182
97,0.12040305443681422,0.019442389770750374,0.0007134748784989802
98,0.1315783474623531,0.012963205296476585,0.0006097121744614286
99,0.12247936196075725,0.017964885650539362,0.00046665783744788473
100,0.13028914138890602,0.020108016874792134,-0.00034040415125150995
101,0.118453427337471,0.018918678542302336,0.001187456266474794
102,0.12622299336360515,0.01794739082500161,-0.0005805628436606385
103,0.12348152719779208,0.010912761888475097,-0.00011105836794211736
104,0.12249002173134746,0.012828262584721037,0.005877912113188897
105,0.12079790498830913,0.018494131561055317,0.0024160712647201005
106,0.12126935176464129,0.017406416801204343,0.003018845147505163
107,0.11925817885254443,0.015760468999674773,-0.0007596945595378205
108,0.12618906243737663,0.013570874100060085,-0.0029593621893307305
109,0.11788315778336554,0.010929348019892413,0.000870473830569834
110,0.12475191326866288,0.01586859628220335,0.0002364621882533936
111,0.12457429760427952,0.014471255671513878,0.0050226043299542
112,0.1267383549719368,0.015967887517214924,0.003881967068717084
113,0.12138031444005468,0.01627072787663339,0.0009423163847203178
114,0.1267965591636895,0.008975839474040612,0.0009805380783421392
115,0.11457569125868056,0.014399747076644657,0.006063672795043789
116,0.1262208270766484,0.014063563368768378,-0.0009360520624500054
117,0.12250918217397114,0.018489575793112396,0.0013834515198187657
118,0.13292283698338467,0.01251436814535951,-0.0019745480864050984
119,0.12374779053426316,0.020340111893154204,-0.003079665432991453
120,0.11707862088568502,0.015965204570273943,-0.0028580658073072995
121,0.12512122164591483,0.01700235184186646,0.0011632619018902013
122,0.12859100544141436,0.01600924388411239,-0.0016570053925421566
123,0.12065740809152306,0.013625564530185182,0.0016333902945790115
124,0.12927596836329566,0.016737720950753904,0.006171839145263082
125,0.12010697508167764,0.01584242284110046,0.0035010555798662924
126,0.11581508995185363,0.015629295380106427,-0.00645917851378027
127,0.11761505654574869,0.0202472817863905,0.003479150055684783
128,0.12247860441615314,0.015759251033252663,-0.0036889789012620948
129,0.11956095830915864,0.022807361018565186,0.00406171125727888
130,0.12473743716287405,0.01976093229426009,-0.00358611373334662
131,0.12355530977367124,0.011215561380363597,-0.003902867742404977
132,0.11806438565184701,0.016996722467649595,0.0031965405720113514
133,0.12017485171630059,0.015848504582651232,0.002398867077351078
134,0.11671524653248044,0.013369234522590218,-0.0011588476403397055
135,0.1268764206319975,0.022046483805684854,0.00019929769542550315
136,0.11904380947711819,0.013730165578791151,0.00014581332709747926
137,0.11792299988265355,0.021374193228530444,0.0010450945787688901
138,0.12027890550612023,0.018487825064119022,-0.002449296855169516
139,0.12831843036593205,0.019305490739578594,0.0008178527261547508
140,0.13115968367523356,0.013995440911143272,0.00015695461272394315
141,0.13146698953278027,0.015749285360506588,0.0040907045604730834
142,0.12197095230613333,0.015752466348669295,-0.0016334206054780729
143,0.12032410008216365,0.012890110592397913,0.0008360791621995052
144,0.1277067813629767,0.014052740908136352,0.0007777674954449438
145,0.11747490261968149,0.01606735697510478,0.003333566002801582
146,0.12337217300723058,0.01588202983903804,0.000336412488850437
147,0.12425310583509729,0.013162355430151474,0.0003504074851421132
148,0.12629199269915323,0.01590284615730754,-0.002513584298429913
149,0.11805922523191421,0.012417250433234505,-0.00025940252370517904
150,0.11778484592397556,0.017915646285571463,0.005486843297109715
151,0.12383956392024027,0.011536335263900622,0.0031774725645139007
152,0.11861662127663397,0.016842432761725524,0.0044562181914614175
153,0.12885910748116614,0.01789696693651878,-0.001598540926222296
154,0.13359658890438617,0.013691648115509951,-0.0007085840187913618
155,0.11940702435138686,0.013486905421591151,-0.003907373594569956
156,0.11992957516704628,0.01777823361171369,0.0008385151315293337
157,0.11464827904408569,0.014480558629553055,-0.002809397049284575
158,0.12360490695069339,0.016575292673808764,-0.0006645699070121991
159,0.13026394394385332,0.013564145759082375,-0.0033325779662492765
160,0.1206357796158681,0.018943118200732738,-0.0035610881383201414
161,0.12718940186287125,0.015624803903971177,0.00016088831055614407
162,0.13198126931982565,0.014670623380294142,0.00220429483400658
163,0.1317597770570906,0.012083228931559872,-0.0020038379730903054
164,0.12255813023245112,0.016302843659416373,0.0007934497130171948
165,0.12887380724394287,0.010221432227892204,0.001971686296978987
166,0.12839643142577933,0.02014776269937498,0.008260046055679057
167,0.1269961063998208,0.01617415978726909,-0.002815924716606038
168,0.12024362523381102,0.023179405388184443,0.000959018461137803
169,0.12473400781215291,0.012415336269858676,0.0005840503422396704
170,0.11550029187134161,0.011709970549734963,0.00024510548849717096
171,0.12278196834603372,0.013663548651445666,-0.00253111949380384
172,0.11411129800640801,0.017192179254044763,0.004457764332820533
173,0.12119173312406811,0.01079026840137755,0.0007878536473263713
174,0.1304904788674663,0.01501207988735462,-0.0009561933286700916
175,0.12932705369713549,0.009429568135598808,-0.0038125085657968404
176,0.11702600775791316,0.012828675859829837,0.0040179636234109525
177,0.12831978379025233,0.012906394340449833,0.0009124397115982894
178,0.12531046132435603,0.019534671774895564,-0.002618095272380183
179,0.11728003211408933,0.012870672090340589,-0.0005946165615101032
180,0.12151612849260947,0.015645761737558862,-9.508031716853104e-05
181,0.12687453606391857,0.008481034226667308,-0.0029464383702846983
182,0.12206356492066114,0.016937596888238527,0.001330338038483434
183,0.1252573869842255,0.015133164931161085,0.0034632304537408416
184,0.12543344752647334,0.009668277857933248,-0.0035924392447932514
185,0.13436218257661983,0.014415227814241118,-0.0006223648955072827
186,0.12240449092060109,0.022704382576386694,-0.00060627936257683
187,0.13210583301390483,0.013037536505126845,0.00047821596436253437
188,0.11945486854838126,0.01674749639090152,0.0036576656662421904
189,0.12650778366137233,0.015499958978798543,0.0018282446028389924
190,0.12333427939293892,0.01602209645112643,-0.0006747622942411322
191,0.13203391905044604,0.015171065732860702,0.003612802638936859
192,0.11438431357982817,0.018134192374708275,0.0011307399109862126
193,0.13416659673157805,0.02406543209661781,0.006787186747838378
194,0.12669594135375378,0.01901397586534217,0.0025840871232567925
195,0.12016474307028156,0.015602928197878833,-0.005696575437064326
196,0.12578655038020686,0.014647967169521334,0.0024256280228782978
197,0.12291033987442558,0.0152035841365207,0.00043289079633587
198,0.1156296214183721,0.010747518140186705,0.0010829618858427975
199,0.11906328472827651,0.017647934000355088,-0.004183835707980095
