scenario,n_windows,dtau_s_P_mean,dtau_s_P_sd,dbar_E_mean,dbar_E_sd,D_mean,D_sd,C_mean,C_sd,kappa_mean,kappa_sd,q_D_mean,q_D_sd,alarm_D_rate,alarm_D_lo,alarm_D_hi,alarm_E_rate,alarm_E_lo,alarm_E_hi,alarm_P_rate,alarm_P_lo,alarm_P_hi,alarm_U_rate,alarm_U_lo,alarm_U_hi,source_hit_rate,n_alarms_D,effect_mean_abs_expected_change,magnitude
coherent,1000,-0.00013123336451652205,0.01793606104903446,0.001492006043615567,0.03106390228926365,0.09544356829044849,0.018350792977772482,0.07034266464264055,0.02228760117260438,0.7366948412327189,0.18477045760088046,0.12962205733460866,0.007837603135184477,0.051,0.03900094277526684,0.06643548634476165,0.051,0.03900094277526684,0.06643548634476165,0.044,0.0329382145884185,0.058551789150407776,0.036,0.02611557140738732,0.049435660467207834,0.49019607843137253,51,0.002719512831426853,0.0
coherent,1000,0.004389577351812591,0.018519811295746275,0.005929957980823285,0.030982453568454464,0.09508290090141629,0.018005421589843546,0.06987852108591747,0.022234850502360244,0.7352191201022747,0.18929651929709995,0.12962741934508773,0.007847731035046884,0.043,0.03207865341171336,0.057419003844084014,0.056,0.043374813385442,0.07202334814973096,0.055,0.04249742737476844,0.07090838767737563,0.037,0.026961180875554734,0.05058239748206931,0.46511627906976744,43,0.006159723967977001,0.1
coherent,1000,0.017939606017463115,0.021204990870738,0.018484590554102655,0.032244423557615434,0.09600422612426149,0.018095877304954402,0.06650992801965312,0.023615154985828873,0.6964522579065379,0.21434470150341348,0.1296367341588146,0.007851185960426825,0.052,0.03987303628377742,0.06755573931927998,0.106,0.08840506686305154,0.12661041882356588,0.194,0.17068142956732762,0.21966054662583218,0.074,0.05935499258410698,0.09190540564558597,0.5769230769230769,52,0.01848459055410266,0.2
coherent,1000,0.04006850584895545,0.024541995516234878,0.03978813813648324,0.03420682529529656,0.10068156031352728,0.019742985092538592,0.05688695845712884,0.025770733804981176,0.5748417831679326,0.2447766922466369,0.1296499086236866,0.007850157622768673,0.082,0.06655195342021952,0.10064721667370458,0.242,0.2164742872986182,0.26950032007992825,0.529,0.49801049370900147,0.5597675542988364,0.173,0.1508192344529515,0.19768346559660158,0.5365853658536586,82,0.03978813813648323,0.3
coherent,1000,0.06990969998921957,0.028166668729242433,0.0682343114538931,0.03684675456164736,0.11177769776388186,0.02231915136421576,0.04263255103337994,0.025212820796962618,0.3990842957956617,0.242330227552938,0.12966714586025796,0.007826771630525798,0.203,0.17922817876013142,0.2290449157802884,0.541,0.5100164673887266,0.5716697384154579,0.876,0.8541222509908473,0.8950000266280154,0.453,0.42238588647477426,0.483973828822868,0.4876847290640394,203,0.06823431145389308,0.4
coherent,1000,0.10642697839078873,0.03203707679235799,0.1037664793232722,0.03944015556985988,0.1312485126411233,0.027509932902554143,0.027480866753775295,0.02184213590773029,0.22781510758454196,0.1946328786554751,0.1296894454110258,0.007830448646464015,0.486,0.45513525566440777,0.5169718935731877,0.842,0.8180901541085861,0.8632923430872941,0.991,0.982984183834662,0.9952579393325229,0.789,0.7626295063588951,0.813158627236454,0.4382716049382716,486,0.10376647932327221,0.5
coherent,1000,0.14472782431740014,0.034988693986186016,0.1415933541707134,0.04083959419684753,0.15763130703302516,0.03220276196752776,0.016037952862311796,0.016228605343669694,0.11376500841447651,0.12332752648041966,0.12972280092721275,0.007824158591035794,0.795,0.7688722989694241,0.8188699135240984,0.967,0.9540187355329184,0.9764070720415732,0.999,0.9943574414020421,0.9998234536293739,0.946,0.9302078451539475,0.9583786862769372,0.4578616352201258,795,0.1415933541707133,0.6
coherent,1000,0.1863936573845608,0.03786106278454982,0.18241111997667142,0.042708519235011004,0.19055393727593167,0.03698974775376749,0.008142817299260254,0.01148999105164901,0.04937921998195644,0.07426858626604803,0.12977384866533848,0.007819260114769027,0.953,0.9380600619184716,0.9644728948936154,0.999,0.9943574414020421,0.9998234536293739,1.0,0.996173241514445,1.0,0.993,0.9856216845342334,0.9966051315990092,0.453305351521511,953,0.18241111997667142,0.7
balanced,1000,-0.00013123336451652205,0.01793606104903446,0.001492006043615567,0.03106390228926365,0.09544356829044849,0.018350792977772482,0.07034266464264055,0.02228760117260438,0.7366948412327189,0.18477045760088046,0.12962205733460866,0.007837603135184477,0.051,0.03900094277526684,0.06643548634476165,0.051,0.03900094277526684,0.06643548634476165,0.044,0.0329382145884185,0.058551789150407776,0.036,0.02611557140738732,0.049435660467207834,0.49019607843137253,51,0.002719512831426853,0.0
balanced,1000,0.00021307156155164387,0.017776151940049847,0.0029783382734962453,0.030192502399360225,0.09528809873885283,0.018278302960467206,0.07097318224071517,0.02221660784493787,0.7447796463375483,0.182291368237311,0.12962410547714584,0.007854706612611182,0.046,0.03466249276326498,0.06081220394161907,0.044,0.0329382145884185,0.058551789150407776,0.05,0.03813026239274882,0.06531382024425081,0.04,0.02951097368545276,0.05400964412125796,0.5,46,0.015042347233152849,0.125
balanced,1000,0.00029987444145212106,0.01775921666331906,0.0034067182733786977,0.029682949511893816,0.09861546295503919,0.018766197371296065,0.0748330110505392,0.023351262484055023,0.7567086326097306,0.18087028629989477,0.12963280959302995,0.007859329426218701,0.065,0.051323770569062045,0.0820055093133709,0.049,0.037261034647360615,0.06419070150661013,0.042,0.031220885546165447,0.056284425226603055,0.054,0.04162131372306273,0.06979215484605245,0.7846153846153846,65,0.03182001032185754,0.25
balanced,1000,0.0007392717034813114,0.017804942924098562,0.00532589092652418,0.029641878216071765,0.10572709713993857,0.019807148222010705,0.08146933495390783,0.024434005653648366,0.7673993645320996,0.1668491183881919,0.12965048764834927,0.007851516741756782,0.128,0.10870752216300936,0.15013958615024367,0.045,0.03379951228563171,0.059682837936223455,0.043,0.03207865341171336,0.057419003844084014,0.096,0.07925690009839675,0.11583512075793179,0.734375,128,0.05105128245189822,0.375
balanced,1000,0.0013883754394349106,0.01816965687572829,0.006631728038769199,0.029758542035572242,0.11752556225998304,0.021368010872807302,0.09307459380636661,0.026409628283770196,0.7882151004502261,0.15622962310478825,0.1296609989385233,0.007860387791086056,0.275,0.24822587402252644,0.30349616729597334,0.046,0.03466249276326498,0.06081220394161907,0.048,0.036393301020807914,0.06306608865013393,0.188,0.16499470988376858,0.21339318741121788,0.8109090909090909,275,0.07005040507886112,0.5
balanced,1000,0.0008554027625388107,0.01804728195259605,0.004702521174497613,0.029228101733132335,0.12995963206947925,0.022220411146883418,0.10637618572115244,0.02748917304568784,0.814998087728998,0.14152819785646134,0.1296835505010227,0.00788418649091026,0.5,0.4690696003681042,0.5309303996318958,0.046,0.03466249276326498,0.06081220394161907,0.051,0.03900094277526684,0.06643548634476165,0.358,0.328881603627749,0.3882051957821486,0.9,500,0.0860317005414014,0.625
balanced,1000,0.00039027866059193075,0.01814059158297825,0.002230304214942495,0.029251941680342175,0.1434285518233508,0.022427508082206362,0.12004468495163617,0.027587706405279445,0.8345122747961408,0.12710871613035082,0.1297209071142004,0.007896176090372117,0.725,0.6965038327040266,0.7517741259774736,0.034,0.024431348663226313,0.04713519024531107,0.057,0.04425344035871594,0.07313706765948591,0.591,0.560235954911328,0.6210675750443009,0.9558620689655173,725,0.099980810936459,0.75
balanced,1000,-0.00022611390414844406,0.017861504360918594,0.0005185717035894699,0.02859858737423056,0.155435740773667,0.02247076326116941,0.13275004063323242,0.02766865070012047,0.8521789254924852,0.11475671852125915,0.1297367906240675,0.00791070567041881,0.868,0.8456051419027083,0.8875783638519231,0.037,0.026961180875554734,0.05058239748206931,0.049,0.037261034647360615,0.06419070150661013,0.763,0.7356684892970144,0.7883186357395835,0.9642857142857143,868,0.10994995036900665,0.875
balanced,1000,-0.0005545166693047847,0.01817155762025203,-0.0008336470087974732,0.028942362698616532,0.16716829019876406,0.022940398214969102,0.14437614950536207,0.028343311314110258,0.8620103804458253,0.10893235706898269,0.12976385371215043,0.007913786085993293,0.95,0.9346861797557492,0.9618697376072513,0.036,0.02611557140738732,0.049435660467207834,0.049,0.037261034647360615,0.06419070150661013,0.887,0.8658784472486151,0.9051596416835653,0.9831578947368421,950,0.11917329504942646,1.0
