window,phase,tau_s_E,D,abs_dbar_E,C,kappa
-38,calibration,0.016081357979047126,0.0770110347347454,0.012821363182050696,0.0641896715526947,0.8335126488533464
-37,calibration,-0.009696155238403625,0.08547205715161246,0.013634505646385603,0.07183755150522686,0.8404799638529774
-36,calibration,-0.03428178200658557,0.1129743226179693,0.0388671225926776,0.0741072000252917,0.6559649866270095
-35,calibration,0.029707201155384548,0.08555935970215384,0.026805781178818044,0.05875357852333579,0.6866996051380776
-34,calibration,-0.006936802796051475,0.09319615579695764,0.010802538666076823,0.08239361713088082,0.8840881517729998
-33,calibration,0.038331480638586365,0.11965503096990489,0.035657015385262024,0.08399801558464287,0.702001536448306
-32,calibration,0.0035159181813015847,0.0871635228701828,7.4746084056573e-05,0.08708877678612623,0.9991424614151049
-31,calibration,0.041246220757240895,0.13854692656195877,0.03864845919124956,0.0998984673707092,0.7210442688963886
-30,calibration,-0.011065475393502819,0.09368291046988657,0.015039860542408466,0.0786430499274781,0.8394599349339933
-29,calibration,-0.022214267125312777,0.0839687049446966,0.02648204153031868,0.05748666341437793,0.6846201028375958
-28,calibration,0.010839517839658117,0.10438109532567208,0.007441579881098823,0.09693951544457326,0.9287075896465651
-27,calibration,0.007577870173211518,0.10173225610926417,0.004094099381324677,0.09763815672793949,0.959756133030929
-26,calibration,0.0954482605108353,0.1205679017289771,0.09427686841204383,0.026291033316933277,0.21805997234680688
-25,calibration,0.03652768006260221,0.08318410809395166,0.03380574637306775,0.04937836172088391,0.5936033077990558
-24,calibration,-0.017406941285185846,0.09505217208722055,0.02154820711545157,0.07350396497176898,0.7733012655862426
-23,calibration,0.004868565540380884,0.07188815007352038,0.0013134972581563872,0.070574652815364,0.9817285984294621
-22,calibration,0.004660742002456825,0.07180090055966754,0.0011002046797606458,0.07070069587990689,0.9846770072354962
-21,calibration,0.013419731583955959,0.10001374347535302,0.0100896939870887,0.08992404948826432,0.8991169249696652
-20,calibration,0.0006266661386833579,0.09335034902789008,0.003040031075164756,0.09031031795272532,0.9674341755888186
-19,calibration,0.006543106256552904,0.08470578646306393,0.003032104835280311,0.08167368162778361,0.9642042773948807
-18,calibration,0.022037828926643143,0.10485634164438379,0.01893458336510977,0.08592175827927402,0.8194235745003801
-17,calibration,0.004424931310741342,0.1031676487363784,0.00085818844352634,0.10230946029285207,0.9916816128501751
-16,calibration,-0.01563311727348695,0.08090155011779232,0.019727703524497445,0.061173846593294876,0.7561517239685273
-15,calibration,0.0041454587178482135,0.07167757136121988,0.0005713613087149627,0.07110621005250492,0.9920287295193697
-14,calibration,-0.06505393830766491,0.08511993789150497,0.07044907248062746,0.014670865410877518,0.17235521752350433
-13,calibration,0.02984038217288168,0.10762176348998151,0.026942466959933523,0.08067929653004799,0.7496559609670251
-12,calibration,-0.009565442447103324,0.10265357170739728,0.013500353044787928,0.08915321866260935,0.868486280406597
-11,calibration,-0.023932570266636984,0.12139757665651016,0.028245563175361945,0.09315201348114821,0.7673300904903423
-10,calibration,0.03754756403965855,0.09200941288567827,0.0348524694021519,0.057156943483526367,0.621207566605646
-9,calibration,-0.035302178660681326,0.10284557639468833,0.039914371790302196,0.06293120460438614,0.611899965078482
-8,calibration,0.020998163489295864,0.09665842836628948,0.017867558310990194,0.07879087005529928,0.8151474360489221
-7,calibration,0.0024883410012068,0.09712570069059216,0.001129364768890695,0.09599633592170147,0.988372132598678
-6,calibration,-0.032106545028352286,0.08851606009454746,0.03663464253606975,0.05188141755847771,0.5861243428939464
-5,calibration,0.015428768544709962,0.08977487481088026,0.012151600341546758,0.0776232744693335,0.8646436392459993
-4,calibration,0.002517018367847873,0.10509941187082222,0.0010999327347064325,0.10399947913611579,0.9895343588025177
-3,calibration,-0.03302343409006096,0.06542093841515849,0.03757566025729709,0.0278452781578614,0.4256325089859832
-2,calibration,0.027774346284371036,0.11179116318858309,0.02482206170593576,0.08696910148264733,0.7779604308789341
-1,calibration,-0.01328142034381694,0.10473151416211252,0.017314119833520332,0.08741739432859219,0.8346808983710478
0,calibration,-0.007135891147344517,0.07241803987618145,0.011006866184509152,0.0614111736916723,0.848009332987631
1,monitoring,-0.004110373869256379,0.17996321324385703,0.0076991215683566705,0.17226409167550036,0.9572183590769516
2,monitoring,0.0012388643065561686,0.14298990933542338,0.002349883392544133,0.14064002594287925,0.9835660893592721
3,monitoring,0.008531128266959214,0.1502356145126138,0.004942380567858916,0.14529323394475488,0.9671024704502144
4,monitoring,-0.005818609032838899,0.12877577471511795,0.009407356731939199,0.11936841798317875,0.9269477760646327
5,monitoring,0.021322589768582555,0.158898802251431,0.01773384206948225,0.14116496018194874,0.8883953697686067
6,monitoring,0.03886428575667587,0.17457304631579545,0.03527553805757558,0.13929750825821988,0.7979325056070593
7,monitoring,0.005042154886032314,0.15597907600866193,0.0014534071869320153,0.1545256688217299,0.9906820374621831
8,monitoring,0.011090890964650898,0.1680483786971867,0.007502143265550598,0.1605462354316361,0.9553572410295668
9,monitoring,0.012816907955060214,0.16343308474994298,0.009228160255959916,0.15420492449398307,0.9435355437971495
10,monitoring,0.04238873994034088,0.21127715865297486,0.03879999224124059,0.17247716641173427,0.8163550073817017
11,monitoring,-0.008405732404178481,0.13047550765082627,0.011994480103278778,0.1184810275475475,0.9080710217631193
12,monitoring,0.03078938967631235,0.2097280534273654,0.02720064197721205,0.18252741145015333,0.8703051807676631
13,monitoring,-0.018120898057180874,0.16963623095064562,0.021709645756281183,0.14792658519436444,0.8720223525680818
14,monitoring,-0.02205057613557614,0.1866301614942663,0.025639323834676445,0.16099083765958988,0.8626196128782532
15,monitoring,-0.0005059291927224097,0.14561635626233496,0.004094676891822718,0.14152167937051224,0.9718803780226037
16,monitoring,-0.006379044234479769,0.1770572658494472,0.009967791933580064,0.16708947391586715,0.9437030054329669
17,monitoring,-0.014164875427319226,0.17268003055065195,0.01775362312641953,0.15492640742423242,0.8971877462043192
18,monitoring,0.021540172733125737,0.19167818818763688,0.017951425034025435,0.17372676315361144,0.9063460208813509
19,monitoring,0.02357863994415145,0.158088138000466,0.019989892245051155,0.13809824575541485,0.8735522316987994
20,monitoring,-0.0556411808973146,0.13806503222388483,0.059229928596414905,0.07883510362746993,0.5709997843598207
21,monitoring,0.015413490407552341,0.16341453739263123,0.011824742708452043,0.15158979468417919,0.9276395913293742
22,monitoring,-0.022607398150560672,0.13754400824890942,0.026196145849660967,0.11134786239924845,0.8095435331341038
23,monitoring,-0.02690953619860379,0.1695024473873265,0.03049828389770408,0.1390041634896224,0.8200717195073113
24,monitoring,0.0009457425803257521,0.15085884088083495,0.0026430051187745496,0.1482158357620604,0.9824802769042731
25,monitoring,-0.023156176534726687,0.17202673351249725,0.02674492423382699,0.14528180927867027,0.8445304186870232
